Workbook

Sheet Read me
A1: Print job workflow — Orders database
A2: One shared backbone for the enquiry-to-production-scheduling pipeline. Each n8n workflow reads from and writes to the Orders tab, using Order ID and Status to hand off between stages.
A4: Stage | B4: n8n workflow | C4: Status values it sets | D4: Key columns it writes (Orders tab)
A5: Enquiry | B5: Enquiry workflow | C5: Enquiry received / Awaiting info | D5: A-N (customer details, extracted spec, completeness)
A6: Estimating | B6: Estimating workflow | C6: Quote sent | D6: O Quote amount, P Quote sent date
A7: Order capture | B7: Order capture workflow | C7: Order confirmed | D7: Q Quote accepted date
A8: Proofing | B8: Proofing workflows A / B / C | C8: In proofing / Approved | D8: R-V Proof version, dates, revisions
A9: Production scheduling | B9: Scheduling workflow | C9: Scheduled / In production / Completed | D9: W-Z Scheduled date, conflict flag, completed date, cycle time
A11: Status flow (set in column N, Orders tab)
A12: Enquiry received -> Awaiting info (if incomplete, loops back to Enquiry received once customer replies) -> Quote sent -> Order confirmed -> In design -> In proofing -> Approved -> Scheduled -> In production -> Completed
A14: Other tabs
A15: • Rate card — used by the Estimating workflow to look up price per unit by product type and quantity tier.
A16: • Design changes — structured proof feedback parsed by the Information Extractor during the Proofing stage.
A17: • Production capacity — daily capacity used by the Scheduling workflow to find and reserve a slot.
A18: • KPI dashboard — live formulas pulling cycle-time and conflict metrics straight from the Orders tab.

Sheet Orders
A1: Order ID | B1: Customer name | C1: Customer email | D1: Enquiry date | E1: Raw enquiry text | F1: Product type | G1: Quantity | H1: Finish | I1: Sides | J1: Deadline | K1: Has artwork | L1: Is complete | M1: Missing fields | N1: Status | O1: Quote amount (GBP) | P1: Quote sent date | Q1: Quote accepted date | R1: Proof version | S1: Proof sent date | T1: Proof approved date | U1: Proof turnaround (days) | V1: Revision rounds | W1: Scheduled production date | X1: Schedule conflict | Y1: Completed date | Z1: Total cycle time (days) | AA1: Enquiry to quote (days)
A2: ORD-001 | B2: Sarah Mitchell | C2: sarah.mitchell@brightleafmarketing.co.uk | D2: 46183 | E2: Hi, we're launching a new product and need 2000 A5 flyers, double-sided, full colour, gloss finish. We don't have any artwork yet so we'll need help with the design too. Could you let us know pricing and whether you can have these ready by the 26th? | F2: Flyers (A5) | G2: 2000 | H2: Gloss | I2: Double-sided | J2: 46199 | K2: No | L2: =TRUE() -> TRUE | N2: Scheduled | O2: 480 | P2: 46183 | Q2: 46184 | R2: 2 | S2: 46188 | T2: 46189 | U2: =IF(T2="","",T2-S2) -> 1 | V2: 1 | W2: 46193 | X2: No | Z2: =IF(Y2="","",Y2-D2) | AA2: =IF(P2="","",P2-D2) -> 0
A3: ORD-002 | B3: James Carter | C3: james.carter@email.com | D3: 46189 | E3: Hi, can you do some business cards for us? Need them fairly soon. | F3: Business cards | K3: No | L3: =FALSE() -> FALSE | M3: quantity, finish, sides | N3: Awaiting info | U3: =IF(T3="","",T3-S3) | Z3: =IF(Y3="","",Y3-D3) | AA3: =IF(P3="","",P3-D3)
A4: ORD-003 | B4: Tom Reilly | C4: tom.reilly@northgatehomes.co.uk | D4: 46174 | E4: We need 500 A6 postcards printed, single-sided, matte finish, using the design file we are attaching. | F4: Postcards (A6) | G4: 500 | H4: Matte | I4: Single-sided | J4: 46188 | K4: Yes | L4: =TRUE() -> TRUE | N4: Completed | O4: 150 | P4: 46174 | Q4: 46175 | R4: 1 | S4: 46176 | T4: 46176 | U4: =IF(T4="","",T4-S4) -> 0 | V4: 0 | W4: 46183 | X4: No | Y4: 46185 | Z4: =IF(Y4="","",Y4-D4) -> 11 | AA4: =IF(P4="","",P4-D4) -> 0

Sheet Rate card
A1: Product type | B1: Min quantity | C1: Max quantity | D1: Price per unit (GBP) | E1: Finish surcharge per unit (GBP) | F1: Rush fee (if deadline < 5 days)
A2: Flyers (A5) | B2: 1 | C2: 999 | D2: 0.15 | E2: 0.02 | F2: 0.15
A3: Flyers (A5) | B3: 1000 | C3: 4999 | D3: 0.12 | E3: 0.02 | F3: 0.15
A4: Flyers (A5) | B4: 5000 | C4: 999999 | D4: 0.09 | E4: 0.02 | F4: 0.15
A5: Business cards | B5: 1 | C5: 499 | D5: 0.08 | E5: 0.01 | F5: 0.15
A6: Business cards | B6: 500 | C6: 1999 | D6: 0.06 | E6: 0.01 | F6: 0.15
A7: Postcards (A6) | B7: 1 | C7: 999 | D7: 0.1 | E7: 0.015 | F7: 0.15
A8: Postcards (A6) | B8: 1000 | C8: 4999 | D8: 0.08 | E8: 0.015 | F8: 0.15

Sheet Design changes
A1: Order ID | B1: Proof version | C1: Date requested | D1: Element | E1: Instruction | F1: Priority | G1: Status
A2: ORD-001 | B2: 1 | C2: 46185 | D2: Logo | E2: Move the logo to the top left corner and increase its size slightly | F2: Medium | G2: Resolved

Sheet Production capacity
A1: Date | B1: Total capacity (minutes) | C1: Capacity used (minutes) | D1: Capacity remaining (minutes)
A2: 46191 | B2: 480 | C2: 150 | D2: =B2-C2 -> 330
A3: 46192 | B3: 480 | C3: 480 | D3: =B3-C3 -> 0
A4: 46195 | B4: 480 | C4: 200 | D4: =B4-C4 -> 280
A5: 46196 | B5: 480 | C5: 320 | D5: =B5-C5 -> 160
A6: 46197 | B6: 480 | C6: 0 | D6: =B6-C6 -> 480
A7: 46198 | B7: 480 | C7: 100 | D7: =B7-C7 -> 380
A8: 46199 | B8: 480 | C8: 400 | D8: =B8-C8 -> 80
A9: 46202 | B9: 480 | C9: 0 | D9: =B9-C9 -> 480
A10: 46203 | B10: 480 | C10: 0 | D10: =B10-C10 -> 480

Sheet KPI dashboard
A1: KPI dashboard
A2: Live formulas pulling directly from the Orders tab. Add more order rows and these update automatically.
A4: Metric | B4: Value
A5: Average enquiry-to-quote time (days) | B5: =AVERAGE(Orders!AA2:AA200) -> 0
A6: Average proof-to-approval time (days) | B6: =AVERAGE(Orders!U2:U200) -> 0.5
A7: Average total cycle time (days) | B7: =AVERAGE(Orders!Z2:Z200) -> 11
A8: Number of orders logged | B8: =COUNTA(Orders!A2:A200) -> 3
A9: Share complete on first enquiry | B9: =COUNTIF(Orders!L2:L200,TRUE())/COUNTA(Orders!A2:A200) -> 0.66666667
A10: Average revision rounds per job | B10: =AVERAGE(Orders!V2:V200) -> 0.5
A11: Schedule conflict rate | B11: =COUNTIF(Orders!X2:X200,"Yes")/COUNTA(Orders!A2:A200) -> 0
